Review,Username,Rating,AppName
Awesome App. Keep up the great work !!,Marcelo Mesti,5,br.gov.dataprev.meuinss
App very important. Thanks,Claudete Claudia,5,br.gov.dataprev.meuinss
Needs options for languages.,Brett Spry,1,br.gov.dataprev.meuinss
as vezes cai o app,Carlos Guerra,4,br.gov.dataprev.meuinss
VIDEO CENTRO UNIVERSIT√ÄRIO IBMR,Danilo Ferreira,5,br.gov.dataprev.meuinss
corre.n reembolso bf c.üïπ‚õë üáßüá¨üáßüáØüÄÑ‚õë‚õíüéâüáßüá¨üá¶üá∏‚õí‚ö†üáßüáØ‚õú‚õúüá¶üá∏‚õú üéáüéâüïπüéâüçì‚õíüéâ,Dami√£o Alves,1,br.gov.dataprev.meuinss
Muito bom app.,Mauro Kohler,5,br.gov.dataprev.meuinss
√ìtimo App show,VICENTE BRASILEIRO,5,br.gov.dataprev.meuinss
Catching the people who made mess with my data. :l,Giovanni Wites Bolzan Assump√ß√£o,5,br.gov.dataprev.meuinss
A toxic waste Sao thieves gnawed a lot,Literatura & Afins.,1,br.gov.dataprev.meuinss
my into bom,Fernanda Miguez,3,br.gov.dataprev.meuinss
Modo escuro pfv.,haruki on,3,br.gov.dataprev.meuinss
"N√£o consigo usar por erro de atualiza√ß√£o de dados cadastrais e ningu√©m consegue resolver meu problema. J√° fui no INSS, j√° abri solicita√ß√£o no reclame aqui, fui at√© presencialmente no INSS e nada. O erro ainda impede de acessar minha carteira de trabalho. Estou tendo problemas para emitir a carreira e preciso dela para poder trabalhar.",Vitor Brito,1,br.gov.dataprev.meuinss
"√≥timo, somente algumas vezes que entro n√£o carrega..... o app mais o resto ok !!!",Bianca Ribeiro,4,br.gov.dataprev.meuinss
O aplicativo √© lindo. Em teoria uma maravilha. Na pr√°tica √© t√£o √∫til quanto um tijolo.,Rafael Dantas (Arch Fluctuation),2,br.gov.dataprev.meuinss
aplicativo outimo muito f√°cil saber de tudo dor inssgoiteimuito,rexodi rotina,5,br.gov.dataprev.meuinss
T√° tendo confus√£o entrei aplicativo e operador do INSS falar uma coisa e n√£o consegui verificar pelo aplicativo.,Jedidja Azfar,1,br.gov.dataprev.meuinss
top de linha,Valdivino silva machado,5,br.gov.dataprev.meuinss
O site √© muito confi√°vel e o atendimento por telefone garanti a confidencialidade e seguran√ßa de nossas informa√ß√µes. s√≥ tenho a agradecer!,Juliana Alves,5,br.gov.dataprev.meuinss
top,Ricardo Caiaffa Junior,5,br.gov.dataprev.meuinss
"N√£o funciona, n√£o exibe minha solicita√ß√£o de benef√≠cio, n√£o consigo verificar se tenho a op√ß√£o cr√©dito em conta, nenhuma das op√ß√µes do aplicativo funciona direito",eltonz,1,br.gov.dataprev.meuinss
Quando vcs irao arrumar esse app? Data p aposentadoria nao atualiza nem pelo app nem pela pagina da web :/ imagina chegar a epoca para solic aposentadoria e nada funciona :/,MARCIA FARINAS,1,br.gov.dataprev.meuinss
sumples,Petronio Nunes,5,br.gov.dataprev.meuinss
√∫til,Frank Mendes,5,br.gov.dataprev.meuinss
"A vers√£o do aplicativo n√£o tem um campo para altera√ß√£o de senha. Falta esse recurso tanto no app, quanto no site. Por favor, resolver isso para que o usu√°rio possa fazer sua senha, e n√£o ficar para sempre com a senha provis√≥ria.",Renato Coelho,3,br.gov.dataprev.meuinss
"objetivo e r√°pido, muito bom",Sidney Rizzo Jr,5,br.gov.dataprev.meuinss
"Um verdadeiro exemplo doque uma aplica√ß√£o mal programada faz! Horr√≠vel, tentei ver extrato de aposentadoria pra minha v√≥ com URG√äNCIA e o app s√≥ carrega. Verifiquem a API de voc√™s. O ideal seria fazerem um app nativo. Um lixo!",Gustavo F√©lix,1,br.gov.dataprev.meuinss
"A autentica√ß√£o est√° falhando quando a apo √© usada fora do Brasil. Funcionava antes. Acho que voc√™s est√£o rejeitando conex√µes com endere√ßo IP fora do Brasil. Corrijam por favor. H√° milhares de segurados como eu, fora do Brasil, que precisam aceder ao INSS. Tamb√©m est√° falhando quando usada por PC. Acho que √© um problema de integra√ß√£o com o Gov.br. Sou cientista da Computa√ß√£o e sei o que estou falando. A APP √© boa mas n√£o deixa fazer o Login. Corrijam",Guillermo Barrera Fierro,1,br.gov.dataprev.meuinss
"Depois da atualiza√ß√£o , ele n√£o funciona mais!!!",Anita Kesselman,1,br.gov.dataprev.meuinss
Depois da atualiza√ß√£o parou de funcionar.,Ed,1,br.gov.dataprev.meuinss
N√£o consigo acessar nenhum servi√ßo.,pedro martins,1,br.gov.dataprev.meuinss
Nunca vi funcionando,Patrick Reis de Souza,1,br.gov.dataprev.meuinss
Ok,Eduardo Beninca,5,br.gov.dataprev.meuinss
"Inutil para quem contribui com a aposentadoria do inss mas mora fora do Brasil e nao tem celular no Brasil. Nao da pra se communicar com ninguem. O aplicativo dispoe de um robo para ""atendimento"" mas esse ""atendimento"" e a coisa mais ridicula imaginavel, pois ele foi desenvolvido para parecer que o aplicativo dispoe de opcao de servico ao cliente, mas na verdade e so um servico de fachada, pois nao responde absolutamente nada. O aplicativo tambem e extremamente intrusivo com dados pessoais.",Ai que loucuura,1,br.gov.dataprev.meuinss
"Engra√ßado que tudo que tem m√£o do governo, ou n√£o presta, ou funciona meio capenga. Pra fazer uma simples altera√ß√£o de cadastro o aplicativo avisa, mas quando vc clica fica o app todo em branco. At√© pra consultar como est√° seu cadastro, n√£o entra, trava mais que windows vista. Os sistemas governamentais tem que conversar um com o outro, e n√£o ficar mandando o trabalhador procurar √≥rg√£os p√∫blicos de p√©ssima qualidade. Palha√ßada. Melhorem essa mer**",Carlos Neves,1,br.gov.dataprev.meuinss
"Na simula√ß√£o de aposentadoria, n√£o considera o tempo registrado no regime estatut√°rio, apesar de estar cadastrado.",MightyOhr,3,br.gov.dataprev.meuinss
n√£o funciona,Fatima Sykes,1,br.gov.dataprev.meuinss
"Exatamente igual a todos os servi√ßos governamentais no Brasil: um lixo, nada funciona corretamente.",Cassia Severo,1,br.gov.dataprev.meuinss
"Com o tanto de dinheiro que o governo tem, pensaria pelo menos que conseguiria contratar no m√≠nimo 1 pessoa competente pra fazer os aplicativos",Pedro de Waal,1,br.gov.dataprev.meuinss
muito bom,marcus viana,5,br.gov.dataprev.meuinss
Funcional,Marcelo B,4,br.gov.dataprev.meuinss
Ruim,Evelyn Silva,1,br.gov.dataprev.meuinss
"N√£o acesso ao servi√ßo. Solicita entre com GOV, por√©m n√£o carrega p√°gina para inserir nome/CPF e senha. Estava acessando, mas agora o governo prejudicou o acesso ou a Prodesp/Prodam ou juntas ou Dataprev, para melhorar para o cidad√£o. Assim como o Cad√önico uma palha√ßada.",Ajalalex,1,br.gov.dataprev.meuinss
"Este app n√£o reflete a veracidade do tempo de contribui√ß√£o, al√©m de ter contradi√ß√µes de informa√ß√µes constantes no mesmo.",Flavia Lazoski,1,br.gov.dataprev.meuinss
o que trabalhar na bolsa,Xzoh Rezzy,5,br.gov.dataprev.meuinss
Aplicativo trava muito.,milfanitus 3001,1,br.gov.dataprev.meuinss
very cool,Carlos Bom Conselho,5,br.gov.dataprev.meuinss
"Embora eu me enquadre na renda necess√°ria para o benef√≠cio (vide cadun), o sistema CONTINUA me negando, simplesmente n√£o funciona.",Arthur Rocha,1,br.gov.dataprev.meuinss
muito bom,Dr. To Be,5,br.gov.dataprev.meuinss
"literalmente horr√≠vel porque todo final de semana √© imposs√≠vel entrar no app, sempre da erro e logo a ser segunda, est√° normal novamente!!?? n√£o entendo o por que disso! sites governamentais n√£o s√£o assim, pena que estamos falando do Brasil....",Yung Vitto,1,br.gov.dataprev.meuinss
"Estava numa lentid√£o sem fim, atualizou, nem entra mais.",Anelise Prado,1,br.gov.dataprev.meuinss
App n√£o abre. D√° erro.,Ana S,1,br.gov.dataprev.meuinss
√ìtimo aplicativo mas poderia ter autentica√ß√£o via biometria j√° configurada no celular evitando digitados a senha manualmente. Mas quando que a biometria ser√° incorporada ao aplicativo?! Isso evitaria toda hora autenticar.,Eduardo Franco Filho,5,br.gov.dataprev.meuinss
Agora funcionando perfeitamente. Obrigado ao suporte,Mauro Guglielmo Piccinini,5,br.gov.dataprev.meuinss
"Demorou mais de 12 horas at√© conseguir carregar meus dados. Antes, ficava dando erro ao tentar carregar.",Jo√£o Paulo Oliveira,2,br.gov.dataprev.meuinss
excellent,M√°rcio Lopes Silva,5,br.gov.dataprev.meuinss
ainda estou avaliando,Alex Nina,3,br.gov.dataprev.meuinss
otimo aplicativo,um bahiano pelo mundo#,5,br.gov.dataprev.meuinss
Ok,Rubem Mesquita,3,br.gov.dataprev.meuinss
üëçüèª,Robson Hora,5,br.gov.dataprev.meuinss
a atualizacao no sistema demora aparecer,Maxwell Littrell,5,br.gov.dataprev.meuinss
√â simplesmente rid√≠culo! Feito pra n√£o funcionar,Thiago Andrada,1,br.gov.dataprev.meuinss
"H√° meses que o app , assim como o site, n√£o funciona regularmente.",Georgeane Oliveira,2,br.gov.dataprev.meuinss
Fica apresentando erro de acesso. Erro: 403 Forbidden N√£o consigo acessar.,Cristian Cabellos,1,br.gov.dataprev.meuinss
N√£o consigo consultar nada pelo aplicativo.,Gisele Nascimento,1,br.gov.dataprev.meuinss
"aplicativo horr√≠vel, n√£o ajuda em nada",jhonathan Dias Da Silva,1,br.gov.dataprev.meuinss
Pessima experi√™ncia com o aplicativo por problemas constantes com o sistema,Gustavo Neris,1,br.gov.dataprev.meuinss
"Aplicativo ruim da des##&+&$!!! N√£o carrega uma informa√ß√£o, um dado sequer. ü§Æü§Æü§Æü§Æ",Cleverson M√°xima,1,br.gov.dataprev.meuinss
dificuldade pra baixar extrato CNIS. Site offline,mikez,3,br.gov.dataprev.meuinss
5 minutos para abrir cada tela,Rafael Freire,1,br.gov.dataprev.meuinss
tudo dentro dos conformes,Escola AUtruista (Perfil do G-Mail),3,br.gov.dataprev.meuinss
Excellent,Amauri Cadete Da Silva Cadete,5,br.gov.dataprev.meuinss
great,Tata Ferreira Hernandez,5,br.gov.dataprev.meuinss
nice,Muhammad Umar,5,br.gov.dataprev.meuinss
Maravilha!,M√¥nica Haefeli,5,br.gov.dataprev.meuinss
Excelente!!!,Osmar & Cleonice Ign√°cio,5,br.gov.dataprev.meuinss
H√° 3 meses que este app come√ßou a dar problemaüò†. Sempre insiro meus dados e dizem pra eu tentar mais tarde pq o sistema n√£o est√° funcionando. Esta n√£o √© uma reclama√ß√£o s√≥ minha. Muitas pessoas est√£o com o mesmo problema!ü•∫,Blessed,1,br.gov.dataprev.meuinss
legal,ricardo tomas da costa,5,br.gov.dataprev.meuinss
"Trava, tem erro de carregar a p√°gina.",Natan Carrera,3,br.gov.dataprev.meuinss
app do governo. melhor que fila,Belo ‚ÄúEstatica‚Äù Fronte,5,br.gov.dataprev.meuinss
falha na consulta e rede muito lenta,Lu√≠s Felipe Rossi,1,br.gov.dataprev.meuinss
At√© agora muito bom.,Caio Silvano,4,br.gov.dataprev.meuinss
Faz dias que aplicativo n√£o funciona.. p√©ssimo considerando que nada √© resolvido por telefone mais.,Talita Tibyrica,2,br.gov.dataprev.meuinss
very good üòä,Robert Shu,5,br.gov.dataprev.meuinss
N√£o carrega nada,Gabriel Cavalini,1,br.gov.dataprev.meuinss
√≥timo aplicativo,Junior Donizetti de Souza,5,br.gov.dataprev.meuinss
ruim demais,Simpleman87,1,br.gov.dataprev.meuinss
√≥timo,Assis Feier Motta,5,br.gov.dataprev.meuinss
"Muito bom e funcional! Economiza tempo e transtorno com outras formas de acesso, incluindo a f√≠sica!",Antonio Braganca Martins,5,br.gov.dataprev.meuinss
Replica o modus operandi do org√£o: inefici√™ncia em primeiro lugar.,Anderson Lemos,1,br.gov.dataprev.meuinss
Coloque prova de vida com reconhecimento facial com apenas cpf,Maicon Melo souza,5,br.gov.dataprev.meuinss
N√£o funciona. Tenho 2 pedidos em an√°lise desde 12/08/2021 e n√£o muda o status. SEMPRE EM ANALISE.,Fabio Palmeira,1,br.gov.dataprev.meuinss
Great app.,Matheus De O. Ferreira (Prince Theus),5,br.gov.dataprev.meuinss
bom,Dulce Ricarti,5,br.gov.dataprev.meuinss
Excelente,Sandra Connors,5,br.gov.dataprev.meuinss
"Quero verificar o andamento da minha solicita√ß√£o, mas no s√≥ exibe a mensagem: ""Ocorreu um erro ao buscar seus dados"". Fora que quando conseguia acessar, minha solicita√ß√£o estava em an√°lise, n√£o sai disso! A inten√ß√£o do aplicativo √© excelente se funcionasse seria perfeito.",Tamy Nascimento,1,br.gov.dataprev.meuinss
"O app ƒô √∫til por√©m eu me sentiria mais segura se fosse poss√≠vel configurar two-factor authentication com Authy, Google Authenticator etc. Uma funcionalidade que eu n√£o encontrei no app foi para emitir guia de pagamento do INSS online consultar o hist√≥rico dos pagamentos o que no meu caso como contribuinte individual seria √∫til.",Luciane Campagnin,3,br.gov.dataprev.meuinss
App de estagi√°rio e de p√©ssima comunica√ß√£o como tudo do governo.,Everton,1,br.gov.dataprev.meuinss
"Aplicativo sensacional, muito bem constru√≠do, pr√°tico e eficiente. Parab√©ns ao Governo Federal pela qualidade do servi√ßo.",Luis Colarino,5,br.gov.dataprev.meuinss
"S√≥ exibe ""Ocorreu um erro ao buscar seus dados.""",Ta√≠sa Santos,1,br.gov.dataprev.meuinss
t√¥ puto com o governo porque rouba meu dinheiro.,Carlos Eduardo,1,br.gov.dataprev.meuinss
Bom e seguro.,Filipe Borges,5,br.gov.dataprev.meuinss
Good,altivo junior,5,br.gov.dataprev.meuinss
as vezes demora,M√°rcio Junior,3,br.gov.dataprev.meuinss
excelente.,Alexandre,5,br.gov.dataprev.meuinss
parab√©ns!!!,Ciro Marcilio,5,br.gov.dataprev.meuinss
Baixei o aplicativo fiz todo procedimento para invalidez tempor√°ria... Da√≠ fui direcionado para uma p√°gina do navegador de Internet.. da√≠ quando tento conclui fala que a p√°gina e inv√°lida e pede pra baixar o app... Que raiva,Raifran Quintino,1,br.gov.dataprev.meuinss
"Coloco a senha, aparece a mensagem informando que √© preciso confirmar algumas informa√ß√µes, clico no bot√£o para seguir adiante e a tela fica branca. J√° tentei v√°rias vezes e n√£o passa disso. 6/10/2021 - At√© hoje, mais de um ano depois e com outro celular, ainda n√£o consegui usar esse App.",vladimir campos,1,br.gov.dataprev.meuinss
O aplicativo √© simplesmente p√©ssimo,Ant√¥nio Amaro Vasconcelos,1,br.gov.dataprev.meuinss
Tive poucos problemas.,Jacky Here cat,4,br.gov.dataprev.meuinss
Faz o b√°sico,Cesar Daher,3,br.gov.dataprev.meuinss
Cheio de erros,Edson de Paulo,1,br.gov.dataprev.meuinss
Top,Renato Bembe Junior,5,br.gov.dataprev.meuinss
Great,Marco Morais,5,br.gov.dataprev.meuinss
Otimo app,Vagner Mello,5,br.gov.dataprev.meuinss
"Affff eu adoro usar os aplicativos do Governo s√≥ para ter a certeza que me mudar de pa√≠s foi a melhor decis√£o. Algum desenvolvedor chegou a usar o aplicativo? N√£o √© poss√≠vel atualizar os dados cadastrais, pois h√° duplicidade de dados com campos obrigat√≥rios pr√© preenchidos. N√£o me venha com essa resposta lixo dizendo que a entidade INSS que √© respons√°vel bla bla e ligue de segunda a s√°bado. 2021 estamos em 2021, 2021. Usamos aplicativos e Internet para n√£o ter que ligar ou ir ag√™ncia.",Tiago Ribeiro Nogueira,1,br.gov.dataprev.meuinss
O aplicativo √© muito √∫til e completo. Agrade√ßo.,Gabriela Silva,5,br.gov.dataprev.meuinss
D√° erro ao tentar fazer prova de vida,Ian Sim√£o,1,br.gov.dataprev.meuinss
Muito √∫til e f√°cil de navegar. Sou aposentado e fiz minha prova de vida online.,Carlos Pinheiro,5,br.gov.dataprev.meuinss
Pessima; deveras insatisfatoria pra nap dizer horenda,Paulo Romeu Diniz,1,br.gov.dataprev.meuinss
"Horr√≠vel, n√£o funciona.",Fabricio Pereira,2,br.gov.dataprev.meuinss
very nice!!!,Davi Alves ÿØÿßŸàÿØ ÿßŸÑŸÅŸäÿ≥,5,br.gov.dataprev.meuinss
"Horrivel, dificil entendimento, nao √© intuitivo, nao emite alerta, enfim, parece at√© proposital para as pessoas nao conseguirem o beneficio. Triste realidade.",Alexsandro Coltre Gusmao,1,br.gov.dataprev.meuinss
muito lento o acesso,Rafael Waltrick,2,br.gov.dataprev.meuinss
√ìtimo aplicativo!,Edvaldo Barbosa,5,br.gov.dataprev.meuinss
good,Reginaldo de Oliveira,5,br.gov.dataprev.meuinss
Trustable,FRIDOLIN D√ñLL,5,br.gov.dataprev.meuinss
pode melhorar mais:),Abra√£o Pina,4,br.gov.dataprev.meuinss
muito bom,Umar Shah,5,br.gov.dataprev.meuinss
muito bom,luiz Ferreira,5,br.gov.dataprev.meuinss
Muito bom,Jorge Bomfim,4,br.gov.dataprev.meuinss
muito complicado,Teruyo Kajiki de Sousa,2,br.gov.dataprev.meuinss
parab√©ns,Antonio Carlos Junior,5,br.gov.dataprev.meuinss
√ìtimo,Ed√≠lson Silva,5,br.gov.dataprev.meuinss
bomzin,Eduardo Resende,5,br.gov.dataprev.meuinss
ok,Reyvison Moura,5,br.gov.dataprev.meuinss
"Nunca em toda a minha vida vi um app t√£o ruim como este. Um lixoooo de aplicativo. At√© uma crian√ßa consegue desenvolver um app melhor que esse. Horr√≠vel, mil vezes p√©ssimo.",Gabriel David,1,br.gov.dataprev.meuinss
bom,Daniel Duarte,3,br.gov.dataprev.meuinss
"Pena que minha mae de 80 anos esta acamada por problemas de coluna faz tempo e o app s√≥ acessa facial com carteira de motorista ou titulo de eleitor e nao com a identidade dela, (que alias no BR serve pra pouca coisa) senao eu poderia utilizar ele com reconhecimento facial e nao precisar pedir visita a residencia para comprovar vida. Tambem nao consegui com o link do Banrisul. Mas o app √© legal.",Socapina De Outono,3,br.gov.dataprev.meuinss
Simplesmente n√£o funciona.,Shanderson Vieira,1,br.gov.dataprev.meuinss
"O aplicativo abre mas depois da autentica√ß√£o aparece uma mensagem para confirmar algumas informa√ß√µes mas logo depois de clicar no bot√£o de continuar d√° um erro. Enfim, n√£o d√° pra acessar! P√©ssimo aplicativo!",Victor Hugo,1,br.gov.dataprev.meuinss
Very good,evandro marques de andrade,5,br.gov.dataprev.meuinss
OTIMO,Waldimir Sousa,4,br.gov.dataprev.meuinss
Otimo,Antonio marques soares Soares,5,br.gov.dataprev.meuinss
"Em outubro de 2020, a tempo de contribui√ß√£o do meu pai era 34 anos e 7 meses. Agora em Fevereiro de 2021, est√° fizendo que s√≥ tem 34 anos e 3 MESES. O que √© isso que voc√™s est√£o fazendo? Sem contar que o site ficou um bom tempo fora do ar.",Rafael Machado,1,br.gov.dataprev.meuinss
"Quando funcionando regularmente, atende r√°pido a nossas necessidades. Por√©m, o sistema cai regularmente... √â estressante.",Stell,3,br.gov.dataprev.meuinss
Horr√≠vel.,Mark Malcom,1,br.gov.dataprev.meuinss
"O tempo contribui√ß√£o est√° incorreto, mostra a data certa em que fui admitido e a data atual, por√©m o c√°lculo est√° errado. App bom, s√≥ isso por enquanto que est√° inconsistente.",jcaique,4,br.gov.dataprev.meuinss
P√©ssimo! Quase nada funciona,Valerio Augusto Cela Menescal Filho,1,br.gov.dataprev.meuinss
"Nada funciona nesse app, lament√°vel..",Secure Anderson Guerra,1,br.gov.dataprev.meuinss
Lament√°vel. Ao tentar pedir aposentadoria pedi para atualizar (sempre pede isso) e simplesmente o bot√£o AVAN√áAR n√£o funciona. Terr√≠vel APP,Istailer Souza,1,br.gov.dataprev.meuinss
"Meu documento est√° pronto mas quando acesso tanto o site como o aplicativo n√£o aparece nenhuma op√ß√£o para visualiza√ß√£o de documentos, somente cadastro, altera√ß√£o de senha e privacidade. Ligo na central e eles me mandam acessar o aplicativo falando que eles n√£o tem acesso ao documento. A incompet√™ncia desse governo e do pessoal de TI √© grande.",Pedro Moreira,1,br.gov.dataprev.meuinss
"Horr√≠vel, mais um servi√ßo do governo que s√≥ funciona quando quer, sempre que tento realizar uma solicita√ß√£o ou alterar dados simplesmente diz que ocorreu um erro, da√≠ voc√™ fica tentando at√© desistir!",mgr aaztek,1,br.gov.dataprev.meuinss
Por que n√£o aparece mais a prova de vida digital como mostra no site do governo? N√£o consigo fazer a prova de vida da minha v√≥ porque n√£o aparece isso e porque ela n√£o possui CNH. Nunca soube que era obrigat√≥rio ter CNH,Mariah Brandao,2,br.gov.dataprev.meuinss
"Preciso do resultado da per√≠cia m√©dica (tive um acidente de tr√¢nsito e infelizmente recebi um atestado de 30 dias) O site do INSS n√£o tem nenhuma informa√ß√£o sobre resultado de per√≠cia m√©dica nem sequer informa√ß√µes de como obt√™-la. O aplicativo simplesmente reflete o site, tamb√©m sem informa√ß√£o e sem como obter esses resultados. o 135 passa 90% do tempo recomendando a utiliza√ß√£o do aplicativo em vez de resolver os problemas que o site e o aplicativo n√£o conseguem. O tempo de espera para fazer uma per√≠cia m√©dica presencial chega a ser menor que o tempo de espera no 135 Todo esse conjunto: site, aplicativo e 135 s√£o inutiliz√°veis. N√£o adianta ter um software quando n√£o se tem um ""sistema de atendimento"", eu preciso do resultado da per√≠cia e n√£o tenho maneiras de conseguir por falta de estrutura e falta de usabilidade.",Leonardo,1,br.gov.dataprev.meuinss
"Deve usar um banco de dados separado ou faz cache de meses. No site os documentos est√£o atualizados, no app demora mais (√†s vezes meses)",Iago Alves da Silva (iagows),1,br.gov.dataprev.meuinss
"Quando logo aparece isso: ""O CPF informado n√£o foi localizado na base de dados do INSS (CNIS)"" e quando clico em me inscrever diz que j√° tenho conta, isso √© alguma pegadinha?",Carlos Ribeiro,1,br.gov.dataprev.meuinss
Excelente app. Todos os envolvidos est√£o de parab√©ns ;),Adelmir Martins,5,br.gov.dataprev.meuinss
"A princ√≠pio passei bastante raiva com o app, mas depois de reinstalar a app ela est√° a funcionar como se deve ser.",Rhaydrick Sandokhan,5,br.gov.dataprev.meuinss
Oi bm,joselito cosme,5,br.gov.dataprev.meuinss
"Enviei documentos, e solicitaram complemento (mudando o status da solicita√ß√£o para 'em exig√™ncia). No computador, segui os passos do v√≠deo/tutorial para adicionar o documento complementar. Por√©m ao clicar na' lupinha 'e seguir os passos do v√≠deo, n√£o encontrei o bot√£o pra anexar documentos, n√£o existe o mesmo na minha p√°gina. Uma bug grave no site. Situa√ß√£o semelhante ocorre neste aplicativo, pois na se√ß√£o servi√ßos sem senha, nem aparece a op√ß√£o: agendamentos/solicita√ß√µes.",T√∫lio Monteiro,2,br.gov.dataprev.meuinss
App n√£o serve pra nada,Xande Almeida,1,br.gov.dataprev.meuinss
Meu sonho √© que um dia esse app funcione. Farei isso. Obrigada por responder.,Jaciene Davis,3,br.gov.dataprev.meuinss
"Acho que o cidad√£o desembolsou UMA BALA para que algu√©m criasse esse APP e o mesmo N√ÉO FUNCIONA! Lament√°vel! Vai, Brasil!",Ricardo Nunes (Rick),1,br.gov.dataprev.meuinss
"n√£o tenho conseguido mais acessar o aplicativo ""meu inss"", algu√©m pode me ajudar? obrigada",Maria pires,1,br.gov.dataprev.meuinss
Sensacional,Jordano Soares de Paula,5,br.gov.dataprev.meuinss
Aplicativo todo bugado. Um verdadeiro LIXO. N√≥s pagamos zilh√µes de impostos e o governo n√£o consegue nos entregar um aplicativo que preste. Um horror!,A Google user,1,br.gov.dataprev.meuinss
"Estou utilizando o simulador de aposentadoria. Nas regras de transi√ß√£o, o tempo que falta n√£o est√° sendo atualizado?..... Caramba parece que nao dao retorno, faz 5 dias que perguntei.",A Google user,1,br.gov.dataprev.meuinss
"App trava muito! Falha sempre, principalmente quando se mais precisa.",Dy√¥go Medeiros,1,br.gov.dataprev.meuinss
"N√£o funciona, como praticamente todos os aplicativos do governo.",Alexandre de Freitas Schmidt,1,br.gov.dataprev.meuinss
Sempre apresenta problemas nos fins de semana e feriados.,Luiz Henrique Toledo,2,br.gov.dataprev.meuinss
"N√£o consigo passar da etapa de Habilitar o Cadastro. ""Ocorreu um erro na requisi√ß√£o"" NADA MAIS A SEMANAS!!!!",V ls,1,br.gov.dataprev.meuinss
"Fraco, poucas infos",ana luiza j loureiro,1,br.gov.dataprev.meuinss
N√£o funciona!,Newton Nogueira,1,br.gov.dataprev.meuinss
Fine,madigital Kurigram,5,br.gov.dataprev.meuinss
Simplesmente √± funciona...d√° sempre ERRO fiquei 1 dia inteiro atualizando e tentando acesso..nada feito! j√° enviei o email e nada at√© hj .. ja reinstalei 4 vezes em dias diferentes ..nadinha. Algu√©m consegue? ja enviei o email e naobrespindem talvez daqui a 35 anos,Mario Oliveira,1,br.gov.dataprev.meuinss
N√£o consigo fazer um requerimento... Simplesmente n√£o carrega as op√ß√µes. Teleatendimento tamb√©m n√£o funciona a dois dias... Edit1: N√£o adianta reinstalar o app Edit2: hoje aparece a mensagem na tela inicial: Ocorreu erro ao buscar seus dados (claro que j√° tentei reinstalar).,A Google user,1,br.gov.dataprev.meuinss
"N√£o consigo atualizar meu CEP que come√ßa com 0, nem no APP nem no site",A Google user,2,br.gov.dataprev.meuinss
N√£o funcionou,A Google user,1,br.gov.dataprev.meuinss
"Ap√≥s dois dias instalado, os erros de acesso ao meus dados foram se solucionando sozinhos at√© que hoje consegui acesso total √†s fun√ß√µes oferecidas pelo app. Como n√£o consegui editar minha qualifica√ß√£o anterior foi criada esta agora.",A Google user,5,br.gov.dataprev.meuinss
"o que acontece √© que esse problema do divergencias cadastrais n√£o existia antes. Sempre funcionou bem e nenhuma altera√ß√£o foi feita. Isso come√ßou a acontecer recentemente, tamb√©m aconteceu com outro usu√°rio e ele se consertou, ainda n√£o funciona para mim.",A Google user,3,br.gov.dataprev.meuinss
"Muito bom pra um app do governo, superou.",A Google user,5,br.gov.dataprev.meuinss
O app n√£o atualiza o tempo de contribuic√£o.... ja desinstalei e instalei novamente e continua assim,A Google user,1,br.gov.dataprev.meuinss
Meu extrato CNIS s√≥ aparecem lan√ßamentos at√© 2017. Procurei uma ag√™ncia f√≠sica.L√° informaram que o erro existe e n√£o tem informa√ß√µes sobre corre√ß√£o. Fiquei decepcionado com a situa√ß√£o.,A Google user,1,br.gov.dataprev.meuinss
So fica na tela branca com a bola azul. Presica melhoria no servidores,A Google user,1,br.gov.dataprev.meuinss
Voltou a funcionar...,A Google user,5,br.gov.dataprev.meuinss
Mais um terrivel app do governo... tentei fazer o cadastro docontribuinte e n√£o consegui,A Google user,1,br.gov.dataprev.meuinss
funciona bem com j7 pro,A Google user,5,br.gov.dataprev.meuinss
Ate agora funciona igualmente bem ao site.,A Google user,5,br.gov.dataprev.meuinss
amei .... ta a minha vida ali kkkkkkkk,A Google user,5,br.gov.dataprev.meuinss
"durante a valida√ß√£o do cadastro respondo todas as perguntas, por√©m fica em uma tela branca impedindo que o cadastro seja validado. logo o App n√£o funciona. Samsung S8",A Google user,1,br.gov.dataprev.meuinss
"tentei v√°rias vezes validar o cadastro, por√©m sem sucesso: a tela fica em branco..... 06/08/2019 - j√° instalei a vers√£o 3.10.2 de Julho 2019.... Problema persiste.",A Google user,1,br.gov.dataprev.meuinss
Parece que precisa melhorar os servidores. Sempre encontro problema para executar os comandos no APP. As a√ß√µes demorram para acontecer. √â comum precisar ficar tentando v√°rias vezes para conseguir realizar algum comando. Tor√ßo por mais investimento neste servi√ßo.,A Google user,1,br.gov.dataprev.meuinss
"Um lixo, nao consigo cadastrar um login",A Google user,1,br.gov.dataprev.meuinss
muito bom.,A Google user,5,br.gov.dataprev.meuinss
A nova vers√£o do app ficou excelente! Retirou muitos bugs! üëè,A Google user,5,br.gov.dataprev.meuinss
"N√£o consigo fazer nenhum requerimento, fica dizendo: ""Ocorreu um erro na sua requisi√ß√£o. Tente novamente mais tarde."" Estou tentando mais tarde a uma semana! [Agora est√° funcionando direitinho]",A Google user,5,br.gov.dataprev.meuinss
N√ÉO FUNCIONA,A Google user,1,br.gov.dataprev.meuinss
ha algumas boas fun√ß√µes sim .mas a Fun√ßao nao tem para mudar de senha . estou tentando mudar de senha pq perdi e so tem como se eu ir a uma agencia. com isso eu perco a minha praticidade.ha algumas mais observa√ß√µes q farei . mas antes de mais nada se melhorado sera um otimo app,A Google user,2,br.gov.dataprev.meuinss
s√≥ d√° erro pra mim ao buscar os benef√≠cios. nao sei se √© s√≥ pra mim.,A Google user,1,br.gov.dataprev.meuinss
"N√£o faz a troca de senha - eu coloquei todas as caracter√≠sticas solicitadas, n√£o sou burrinha....",A Google user,1,br.gov.dataprev.meuinss
pr√°tico,A Google user,5,br.gov.dataprev.meuinss
Muito pr√°tico! √â possivel cobsegur as mesmas informa√ß√µes sem a necessidade de visitar uma ag√™ncia do INSS,A Google user,5,br.gov.dataprev.meuinss
N posso avaliar. ele instala mas n abre,A Google user,1,br.gov.dataprev.meuinss
pessima navegacao nada amigavel,A Google user,1,br.gov.dataprev.meuinss
Nao cagastra da erro,A Google user,1,br.gov.dataprev.meuinss
nada funciona,A Google user,1,br.gov.dataprev.meuinss
"Muito mal feito! Quando se tenta cadasttar no servico, sempre d√° um erro que te faz retornar ao in√≠cio da operacao. Este app est√° a altura dos servidores pregui√ßosos do funcionalismo publico.",A Google user,1,br.gov.dataprev.meuinss
"√â a primeira vez que sinto necessidade de usar o aplicativo, para acessar meu extrato previdenci√°rio. E estou totalmente decepcionado com a falta de qualidade do aplicativo, n√£o √© poss√≠vel realizar Cadastro pois quando se pede para efetuar login e voc√™ clica em se cadastrar, nada acontece. N√£o √© minha primeira decep√ß√£o com a qualidade de servi√ßos ofertados pelo INSS, uma pena.",A Google user,1,br.gov.dataprev.meuinss
Lento mas muito bom. De vez em quando trava. Mas eu gosto. Demora entrar.,A Google user,3,br.gov.dataprev.meuinss
"Estava dando erro, ""diverg√™ncia de dados cadastrais"", descobri que a senha estava errada. Deveriam corrigir, as pessoas acham que s√£o outros dados e negativam o app, como foi meu caso. Agora que vi que est√° ok, dei 5 estrelas. Vlw",A Google user,5,br.gov.dataprev.meuinss
N√£o funciona! N√£o conecta! N√£o castrada! Uma mrd!,A Google user,1,br.gov.dataprev.meuinss
"O app simplesmente parou de funcionar, fica numa tela branca.",A Google user,1,br.gov.dataprev.meuinss
N√£o consigo nem fazer o cadastro. A p√°gina ja da erro,A Google user,1,br.gov.dataprev.meuinss
"Aplicativo bem funcional! Consegui ter acesso as minhas contribui√ß√µes e aos 
meus benef√≠cios. √ìtima iniciativa!",A Google user,5,br.gov.dataprev.meuinss
"Comsegui me cadastrar, mas tento cadastrar minha m√£e para que ela veja o 
dela e da erro de informa√ß√µes depois de todas as perguntas, tentei depois 
de 24h e as informa√ß√µes ainda nao coincidem!!!!",A Google user,3,br.gov.dataprev.meuinss
"O app est√° funcionando muito bem, n√£o tive problemas at√© agora, f√°cil de 
usar, consegui atualizar todos os meus dados, endere√ßo, telefone, e-mail, 
etc.",A Google user,5,br.gov.dataprev.meuinss
"O ""Meu INSS"" n√£o est√° funcionando nem pelo App, nem pelo site. Fa√ßo o 
cadastro e depois n√£o sai da tela de dar autoriza√ß√£o para utilizar o CPF, 
NIT e Nome completo. J√° tentei pelo IE11, Edge, Firefox, Chrome, Android e 
IOS. Em todos o mesmo problema.",A Google user,1,br.gov.dataprev.meuinss
"Mas que lixo de app √© este? √â surpreendente como o Governo s√≥ presta para 
nos tomar dinheiro e n√£o tem compet√™ncia nem para criar um aplicativo √∫til. 
Eu queria apenas verificar me Cnis e n√£o d√° n para digitar meu pr√≥prio nome.",A Google user,1,br.gov.dataprev.meuinss
"A tela fica branca e n√£o consigo acessar o aplicativo. No site, os servidores do inss n√£o respeitam nem um pouco o prazo do processo. Meu processo estava datado para finalizar em 11 de junho e apenas em 14 de agosto tive a resposta. Nem no site, nem no app mostra minha carta, nem mostra quando tento alterar ou ver como est√£o meus dados cadastrais.",A Google user,1,br.gov.dataprev.meuinss
"N√£o consigo me cadastrar. D√° o seguinte erro: Erro geral do sistema.Contate 
o suporte t√©cnico. C√≥digo do erro 05C8DBC7FD",A Google user,2,br.gov.dataprev.meuinss
Nao funciona o extrato csi. Ja tentei in√∫meras vezes. Apresenta erro e fala para tentar mais tarde,A Google user,1,br.gov.dataprev.meuinss
"Imposs√≠vel obter o Extrato Previdenci√°rio CNIS (ocorreu um erro em sua 
requisi√ß√£o, por favor tente mais tarde)",A Google user,1,br.gov.dataprev.meuinss
"Antes da instabilidade o campo do cpf recebia os numeros todo trocado, 
agora nem preenche o campo de cpf e senha qdo digita.",A Google user,1,br.gov.dataprev.meuinss
"H√° dias tentando gerar o extrato Previdenci√°rio (CNIS), mas sem sucesso. 
Sempre apresenta uma mensagem de ""Ocorreu um erro na sua requisi√ß√£o. Tente 
novamente mais tarde"". Isso ocorre tanto no app quanto em p√°ginas web. H√° 
alguma previs√£o de melhoria??",A Google user,2,br.gov.dataprev.meuinss
"√ìtima iniciativa! No momento n√£o est√° abrindo, mas estou certo de que voc√™s est√£o trabalhando para corrigir isso. Funciona dessa forma mesmo! √â preciso colocar em funcionamento, monitorar as falhas e corrigi-las. Desejo sucesso √† DATAPREV!",A Google user,4,br.gov.dataprev.meuinss
App  nao funciona. Moro no exterior e Nao consigo fazer o casastro no meu celular,A Google user,1,br.gov.dataprev.meuinss
"Erro, erro, erro, erro, s√≥ isso que esse aplicativo fornece.",A Google user,1,br.gov.dataprev.meuinss
"Funcionou alguns topicos, Como extrato de pgto, CNIS . porem IR nao gerou nem consulta de beneficio apareceu Nada.",A Google user,3,br.gov.dataprev.meuinss
"Sempre que tento acessar recebo a mensagem que ""o servi√ßo de autentica√ß√£o de usu√°rio est√° indispon√≠vel."" N√£o consegui acessar nenhuma vez.",A Google user,1,br.gov.dataprev.meuinss
"N√£o consigo acessar o meu cadastro, eu sempre recebo o erro que o servi√ßo de autentica√ß√£o do usu√°rio est√° indispon√≠vel no momento!",A Google user,1,br.gov.dataprev.meuinss
App nao funciona! Campo para inserir numero de cpf n√£o aceita a numera√ß√£o completa! Imposs√≠vel utilizar....detalhe....n√£o √© somente hoje ok? App sem fun√ß√£o!!!!,A Google user,1,br.gov.dataprev.meuinss
"Qual ƒó o endereco de E-mail do desenvolvedor????  Faz mais de 11 meses que eu tento entrar e s√≥ consegui 1 vez; sempre d√° uma desculpa esfarrapada tipo ""o servi√ßo de autentica√ß√£o do usu√°rio est√° indispon√≠vel no momento, tente mais tarde"" E na √∫nica vez que eu consegui entrar , na aba do hist√≥rico de cr√©ditos , n√£o consegui tirar nenhuma informa√ß√£o . Que vergonha!!!",A Google user,1,br.gov.dataprev.meuinss
"Muito bom, parab√©ns pelo aplicativo",A Google user,5,br.gov.dataprev.meuinss
App nem me deixa me cadastrar. D√° erro nos dados preenchidos. J√° fiz v√°rias vezes. App n√£o funciona.,A Google user,1,br.gov.dataprev.meuinss
seu apk esta muito desatualizado com as informa√ß√µes dos usuarios do inss onde ja se viu fazer um cadastro que existe divergencias sendo que nao existe pessoa que saiba mais sobre mim do que eu mesmo obrigado,A Google user,1,br.gov.dataprev.meuinss
"Terr√≠vel. Cadastramento sofr√≠vel e constantemente fora do ar, informa√ß√µes incompletas, dificuldades com o layout e o sistema de CAPTCHA, que por sinal √© solicitado a cada a√ß√£o realizada.  Realmente terr√≠vel.  --  O produtor sugeriu realizar o cadastro na ag√™ncia INSS, devido a instabilidade do sistema.  Meu caro, isso √© exatamente o que a tecnologia deveria evitar.",A Google user,2,br.gov.dataprev.meuinss
App muito bom e pr√°tico. Gostei bastante.,A Google user,5,br.gov.dataprev.meuinss
p√©ssimo!! n√£o ajuda se precisa de um cadasteo pr√©vio em uma. ag√™ncia. üí©,A Google user,1,br.gov.dataprev.meuinss
"N√£o consigo recuperar senha, pois este app simplesmente n√£o funciona!",Maurilio Dias,1,br.gov.dataprev.meuinss
"Pior App, exatamente como tentar atendimento telef√¥nico.... imposs√≠vel",A Google user,1,br.gov.dataprev.meuinss
N√£o consigo criar minha conta de maneira nenhuma,A Google user,1,br.gov.dataprev.meuinss
N√£o nunca consigo usar. App muito ruim,Nielly Dj Playlists Qmusic,1,br.gov.dataprev.meuinss
Falha ocasional na parte de simula√ß√£o de aposentadoria.,Daniel Colas,4,br.gov.dataprev.meuinss
Fa√ßo tudo nele. Muito bom.,Kedma Menezes,5,br.gov.dataprev.meuinss
"Ficou horr√≠vel, ap√≥s a atualiza√ß√£o.. o app nao abre de maneira nenhuma sempre da quebra de link",A Google user,1,br.gov.dataprev.meuinss
"Horr√≠vel, n√£o consigo cadastrar e isso est√° acontecendo em todo lugar, seja aplicativo, seja site. Mando email e n√£o recebo resposta. Horr√≠vel!!!",A Google user,1,br.gov.dataprev.meuinss
"Entramos com pedido de pens√£o por falecimento, atrav√©s do app, agora diz que n√£o existe solicita√ß√£o.",Cinthia Faria Lima,1,br.gov.dataprev.meuinss
"N√£o tem um servi√ßo que funciona. Cada solicita√ß√£o demora uma eternidade para para, no final, emitir um erro.",Igor Reis,1,br.gov.dataprev.meuinss
"N√£o consegui o que queria. Nem precisava ter baixado, pois me redirecionou para o site do INSS.",Erica Ura,1,br.gov.dataprev.meuinss
app nao funciona pessimo,A Google user,1,br.gov.dataprev.meuinss
"O zoom FICA encima do ""entrar,""dpois das placas n√£o conecta e repete TD do 
inicio.tinha q ser do governor brasileiro",A Google user,1,br.gov.dataprev.meuinss
muito bom servi√ßo,Garcia Jero,5,br.gov.dataprev.meuinss
"Problema no campo de CEP. Ao digitar o CEP nas informa√ß√µes de cadastro, ele automaticamente apaga um n√∫mero e informa que precisa de um cep valido, impossibilitando a atualiza√ß√£o de todo o cadastro.",A Google user,2,br.gov.dataprev.meuinss
"N√£o consigo acessar bloqueio/desbloqueio de empr√©stimo. Roda e nao aparece nada. Mensagem: "" Aguardando servi√ßos "" n√£o sai dessa tela.",Dea VC,1,br.gov.dataprev.meuinss
"N√£o tenho celular no Brasil e o app n√£o me permite entrar sem um n√∫mero. Como cidad√£o Brasileiro, gostaria de ter acesso √† minha aposentadoria.",Andre Carlucci,1,br.gov.dataprev.meuinss
Ol√° prezados desenvolvedores...ap√≥s logar sempre acorre erro ao tentar acessar outros links ... Ap√≥s login . Podem me ajudar ? Estou acessando fora do Brasil . Obrigado,Erismar Lima,1,br.gov.dataprev.meuinss
Not working.,Lucas Cadenazzi America,1,br.gov.dataprev.meuinss
Vou tentar experi√™ncia,A Google user,3,br.gov.dataprev.meuinss
app lixo,A Google user,1,br.gov.dataprev.meuinss
Exelente.,ilson Aparecido Silva,4,br.gov.dataprev.meuinss
"Estou com problemas t√©cnicos com o site, notei que uma api retorna um erro e n√£o aparece na tela do app e nem no site, deixando o usu√°rio sem saber o que aconteceu. Como posso reportar este bug?",Sylvio Neto,1,br.gov.dataprev.meuinss
"Esse m√™s de janeiro o sal√°rio m√≠nimo sendo R$1302, a dataprev registrou minha contribui√ß√£o no sistema como R$1301,99. Faltando 1 centavo. Espero que isso n√£o d√™ problemas futuros.",Jose Ferreira,1,br.gov.dataprev.meuinss
Quebrado,Victormateus Szynwelski,1,br.gov.dataprev.meuinss
√ìtimo,Anderson Gabriel (Gabriel),5,br.gov.dataprev.meuinss
"Eu n√£o tenho CNH pra fazer o Reconhecimento facial. Eu e muitas pessoas n√£o tem CNH. Por favor arrumem esse App, para dar mais op√ß√µes de Documentos tipo: Titulo de eleitor, CPF, etc, mas apenas com CNH n√£o d√°, isso e injusto, n√£o √© todo mundo que tem carro nesse e CNH nesse pais n√£o. Por favor arrumem esse App",RM,1,br.gov.dataprev.meuinss
Meo Deos......estou tentando entrar no site desde o come√ßo do ano 2023 e nao consigo....da mensagem de erro...estou no Canada e √© impossivel o contato...nao sei o que se passa....preciso saber o porque minha aposentadoria do acordo internacional de Dezembro ainda nao foi depositada....,Su Elipa,1,br.gov.dataprev.meuinss
"entrei para ver se conseguia fazer minha inscri√ß√£o no INSS j√° que pelo site n√£o conseguia e foi a mesma coisa que nada, os campos para inscri√ß√£o n√£o funcionam adequadamente como o campo de estado civil n√£o tem as op√ß√µes de ""solteira"" ou ""casada"" precisa pesquisar um desses e ainda assim n√£o encontra, por favor resolvam isso pois preciso fazer minha carteira de trabalho.",Sophia,1,br.gov.dataprev.meuinss
"O aplicativo tem aproximadamente 0 funcionalidades. Edit: entendo. O que eu quis dizer √© que n√£o possui qualquer funcionalidade outra que apenas mostrar os dados pessoais. Minha m√£e precisa conferir dados sobre a aposentadoria dela, mas n√£o tem nada no app. Ele na pr√°tica n√£o possui funcionalidades. N√£o entendi o prop√≥sito do app. A prop√≥sito, n√£o √© poss√≠vel copiar o link que passaste na resposta. Talvez seja interessante criar um link mais curto que redireciona para este para facilitar",Guilherme Taffarel Bergamin,1,br.gov.dataprev.meuinss
